{"eval_episodic_return": -0.2, "eval_episodic_length": 50.0, "_timestamp": 1745581068, "_runtime": 75, "_step": 1700, "episodic_length": 50, "episodic_return": -0.2, "steps_per_second": 22.91540142097972, "env_buffer_length": 21700, "new_distance": 9.219544457292887, "prev_distance": 9.219544457292887, "alm_loss": 37.80048751831055, "model_grad_norm": 638.919921875, "reward_loss": 0.0044898404739797115, "min_true_reward": -0.20000000298023224, "max_true_reward": -0.20000000298023224, "mean_true_reward": -0.20000000298023224, "classifier_loss": 0.6893633008003235, "reward_grad_norm": 0.1257525235414505, "mean_q_target": -1.2606024742126465, "variance_q_target": 0.02861921489238739, "min_q_target": -1.6446884870529175, "max_q_target": -0.20000000298023224, "critic_loss": 0.028487887233495712, "critic_grad_norm": 0.05097091943025589, "min_imag_reward": -0.44006139039993286, "max_imag_reward": 0.23544393479824066, "mean_imag_reward": -0.1160450130701065, "min_imag_kl_reward": -0.7659096121788025, "max_imag_kl_reward": 0.9764955043792725, "mean_imag_kl_reward": 0.013522389344871044, "actor_loss": 1.4788089990615845, "lambda_cost": 0.1, "min_imag_value": -1.6511504650115967, "max_imag_value": -0.6745157241821289, "mean_imag_value": -1.230332612991333, "action_std": 0.9325, "actor_grad_norm": 0.03290901333093643, "seq_len": 5, "mse_loss": 0.13907389342784882, "_wandb": {"runtime": 78}}