{"eval_episodic_return": 0.0, "eval_episodic_length": 18.0, "_timestamp": 1745484883, "_runtime": 44, "_step": 1278, "episodic_length": 18, "episodic_return": 0.0, "steps_per_second": 30.632673944638615, "env_buffer_length": 2178, "alm_loss": 1.41011643409729, "model_grad_norm": 0.304287314414978, "reward_loss": 0.0030777263455092907, "min_true_reward": 0.0, "max_true_reward": 0.0, "mean_true_reward": 0.0, "classifier_loss": 0.6991445422172546, "reward_grad_norm": 0.08426184207201004, "mean_q_target": -0.9708468914031982, "variance_q_target": 0.09310612827539444, "min_q_target": -1.3715291023254395, "max_q_target": 0.0, "critic_loss": 0.11745666712522507, "critic_grad_norm": 0.14139512181282043, "min_imag_reward": -0.3422972857952118, "max_imag_reward": 0.6841937303543091, "mean_imag_reward": 0.388455331325531, "min_imag_kl_reward": -0.3946002721786499, "max_imag_kl_reward": 0.9439598917961121, "mean_imag_kl_reward": 0.30484339594841003, "actor_loss": 0.4678862988948822, "lambda_cost": 0.1, "min_imag_value": -1.6549627780914307, "max_imag_value": -0.3461763560771942, "mean_imag_value": -1.310474157333374, "action_std": 0.1, "actor_grad_norm": 1.0358006954193115, "seq_len": 3, "mse_loss": 0.990595817565918, "_wandb": {"runtime": 45}}