{"eval_episodic_return": -1.0, "eval_episodic_length": 10.0, "_timestamp": 1745448428, "_runtime": 1661, "_step": 49500, "episodic_length": 10, "episodic_return": -1.0, "steps_per_second": 29.131925971098, "env_buffer_length": 50000, "alm_loss": 12.061897277832031, "model_grad_norm": 252.03070068359375, "reward_loss": 6.797582585704731e-08, "min_true_reward": -1.0, "max_true_reward": -1.0, "mean_true_reward": -1.0, "classifier_loss": 0.6874029040336609, "reward_grad_norm": 0.18170732259750366, "mean_q_target": -5.680109977722168, "variance_q_target": 7.967254161834717, "min_q_target": -10.699444770812988, "max_q_target": -1.0, "critic_loss": 0.6428478360176086, "critic_grad_norm": 1.6759061813354492, "min_imag_reward": -1.000922679901123, "max_imag_reward": -0.9985320568084717, "mean_imag_reward": -1.0001015663146973, "min_imag_kl_reward": -0.5349528789520264, "max_imag_kl_reward": 0.30737966299057007, "mean_imag_kl_reward": 0.0016302767908200622, "actor_loss": 5.145490646362305, "lambda_cost": 0.1, "min_imag_value": -9.832830429077148, "max_imag_value": -0.6478628516197205, "mean_imag_value": -4.462600231170654, "action_std": 0.1, "actor_grad_norm": 1.124134896279827e-09, "seq_len": 3, "mse_loss": 0.024148069322109222, "_wandb": {"runtime": 1662}}