{"eval_episodic_return": -1.0, "eval_episodic_length": 18.0, "_timestamp": 1745484828, "_runtime": 826, "_step": 5004, "episodic_length": 18, "episodic_return": -1.0, "steps_per_second": 5.825531900446274, "env_buffer_length": 5904, "alm_loss": 31.513954162597656, "model_grad_norm": 5.759494304656982, "reward_loss": 0.0013222377747297287, "min_true_reward": -1.0, "max_true_reward": -1.0, "mean_true_reward": -1.0, "classifier_loss": 0.695396900177002, "reward_grad_norm": 0.09553889185190201, "mean_q_target": -13.338468551635742, "variance_q_target": 9.525867462158203, "min_q_target": -14.401366233825684, "max_q_target": -1.0, "critic_loss": 9.51386833190918, "critic_grad_norm": 4.557642936706543, "min_imag_reward": -0.949309229850769, "max_imag_reward": -0.1425478756427765, "mean_imag_reward": -0.7638934254646301, "min_imag_kl_reward": -0.3202880918979645, "max_imag_kl_reward": 0.31773075461387634, "mean_imag_kl_reward": 0.022555036470294, "actor_loss": 16.36210823059082, "lambda_cost": 0.1, "min_imag_value": -13.719833374023438, "max_imag_value": -12.031079292297363, "mean_imag_value": -13.334299087524414, "action_std": 0.1, "actor_grad_norm": 0.023678075522184372, "seq_len": 18, "mse_loss": 59.678836822509766, "_wandb": {"runtime": 828}}