{"eval_episodic_return": -1.0, "eval_episodic_length": 16.0, "_timestamp": 1745533521, "_runtime": 872, "_step": 22305, "episodic_length": 16, "episodic_return": -1.0, "steps_per_second": 25.344652701379346, "env_buffer_length": 24353, "new_distance": 11.313708498984761, "prev_distance": 11.313708498984761, "alm_loss": 26.0595703125, "model_grad_norm": 954.6768798828125, "reward_loss": 0.0038373139686882496, "min_true_reward": -1.0, "max_true_reward": 0.0, "mean_true_reward": -0.8804687261581421, "classifier_loss": 0.6890750527381897, "reward_grad_norm": 0.5554770231246948, "mean_q_target": -4.116814136505127, "variance_q_target": 0.8296045064926147, "min_q_target": -6.37531042098999, "max_q_target": 0.0, "critic_loss": 0.6317441463470459, "critic_grad_norm": 0.9189642071723938, "min_imag_reward": -0.7297728061676025, "max_imag_reward": 0.34738337993621826, "mean_imag_reward": 0.07632292807102203, "min_imag_kl_reward": -3.3444056510925293, "max_imag_kl_reward": 1.7300474643707275, "mean_imag_kl_reward": 0.04694095253944397, "actor_loss": 2.596339464187622, "lambda_cost": 0.1, "min_imag_value": -5.333499908447266, "max_imag_value": -2.2581100463867188, "mean_imag_value": -3.1673800945281982, "action_std": 0.1, "actor_grad_norm": 0.1271333247423172, "seq_len": 4, "mse_loss": 0.021226849406957626, "_wandb": {"runtime": 873}}