{"eval_episodic_return": -1.0, "eval_episodic_length": 4.0, "_timestamp": 1745498930, "_runtime": 496, "_step": 15504, "episodic_length": 4, "episodic_return": -1.0, "steps_per_second": 39.447214724387976, "env_buffer_length": 16504, "alm_loss": 8.894599914550781, "model_grad_norm": 328.0606689453125, "reward_loss": 0.0009394304361194372, "min_true_reward": -1.0, "max_true_reward": -1.0, "mean_true_reward": -1.0, "classifier_loss": 0.690605878829956, "reward_grad_norm": 0.04548797383904457, "mean_q_target": -4.746495246887207, "variance_q_target": 0.9987709522247314, "min_q_target": -5.057209491729736, "max_q_target": -1.0, "critic_loss": 1.5273728370666504, "critic_grad_norm": 6.684149265289307, "min_imag_reward": -1.043910264968872, "max_imag_reward": -1.0097657442092896, "mean_imag_reward": -1.028235673904419, "min_imag_kl_reward": 0.00263165682554245, "max_imag_kl_reward": 0.04940824210643768, "mean_imag_kl_reward": 0.021407198160886765, "actor_loss": 6.250242710113525, "lambda_cost": 0.1, "min_imag_value": -4.057733535766602, "max_imag_value": -3.9548463821411133, "mean_imag_value": -4.016735076904297, "action_std": 0.1, "actor_grad_norm": 7.261215159815038e-06, "seq_len": 4, "mse_loss": 0.017342258244752884}