{"eval_episodic_return": -1.0, "eval_episodic_length": 100.0, "_timestamp": 1745489913, "_runtime": 3063, "_step": 76600, "episodic_length": 100, "episodic_return": -1.0, "steps_per_second": 25.982177790453374, "env_buffer_length": 77600, "alm_loss": -1082.2137451171875, "model_grad_norm": 9968.806640625, "reward_loss": 0.10168267786502838, "min_true_reward": -1.0, "max_true_reward": 50.0, "mean_true_reward": 15.1875, "classifier_loss": 0.6568412780761719, "reward_grad_norm": 24.417367935180664, "mean_q_target": 1031.2369384765625, "variance_q_target": 259736.859375, "min_q_target": -243.26544189453125, "max_q_target": 1297.4302978515625, "critic_loss": 3459.19384765625, "critic_grad_norm": 27065.34375, "min_imag_reward": -1.8972350358963013, "max_imag_reward": 55.03591537475586, "mean_imag_reward": 34.72871017456055, "min_imag_kl_reward": -4.692084789276123, "max_imag_kl_reward": 2.5921072959899902, "mean_imag_kl_reward": 0.527325451374054, "actor_loss": -1092.708984375, "lambda_cost": 0.1, "min_imag_value": -295.6531982421875, "max_imag_value": 1275.203369140625, "mean_imag_value": 1040.0693359375, "action_std": 0.1, "actor_grad_norm": 0.49327829480171204, "seq_len": 5, "mse_loss": 0.034526243805885315, "_wandb": {"runtime": 3066}}