{"eval_episodic_return": 0.0, "eval_episodic_length": 16.0, "_timestamp": 1745535517, "_runtime": 277, "_step": 7289, "episodic_length": 16, "episodic_return": 1.1428571428571428, "steps_per_second": 24.358722101876428, "env_buffer_length": 15481, "new_distance": 7.0, "prev_distance": 8.0, "alm_loss": 47.448974609375, "model_grad_norm": 723.2877197265625, "reward_loss": 0.060828808695077896, "min_true_reward": -1.140175461769104, "max_true_reward": 1.1428571939468384, "mean_true_reward": 0.2274537980556488, "classifier_loss": 0.6074538230895996, "reward_grad_norm": 0.7301108837127686, "mean_q_target": 2.878173351287842, "variance_q_target": 4.006833076477051, "min_q_target": -2.1042540073394775, "max_q_target": 5.994895935058594, "critic_loss": 0.46481120586395264, "critic_grad_norm": 1.5754377841949463, "min_imag_reward": -0.6770211458206177, "max_imag_reward": 1.4710912704467773, "mean_imag_reward": 0.6790359020233154, "min_imag_kl_reward": -3.231154441833496, "max_imag_kl_reward": 1.976414680480957, "mean_imag_kl_reward": -0.49461114406585693, "actor_loss": -5.947718620300293, "lambda_cost": 0.1, "min_imag_value": -1.1274237632751465, "max_imag_value": 5.996254920959473, "mean_imag_value": 3.8177363872528076, "action_std": 7.1359375, "actor_grad_norm": 0.320106565952301, "seq_len": 4, "mse_loss": 0.02535756304860115, "_wandb": {"runtime": 278}}