{"eval_episodic_return": -1.0, "eval_episodic_length": 16.0, "_timestamp": 1745537018, "_runtime": 449, "_step": 11777, "episodic_length": 16, "episodic_return": 1.066987131347674, "steps_per_second": 25.475887846493695, "env_buffer_length": 19969, "new_distance": 8.06225774829855, "prev_distance": 8.602325267042627, "alm_loss": 42.21628952026367, "model_grad_norm": 1525.8489990234375, "reward_loss": 0.05046473443508148, "min_true_reward": -1.0, "max_true_reward": 2.3488807678222656, "mean_true_reward": 0.002131737768650055, "classifier_loss": 0.6057268381118774, "reward_grad_norm": 1.8135048151016235, "mean_q_target": 0.11016733944416046, "variance_q_target": 3.0391831398010254, "min_q_target": -3.794764518737793, "max_q_target": 7.783041477203369, "critic_loss": 0.49016904830932617, "critic_grad_norm": 1.4543672800064087, "min_imag_reward": -0.8067871928215027, "max_imag_reward": 2.3018321990966797, "mean_imag_reward": 0.41778451204299927, "min_imag_kl_reward": -7.264030456542969, "max_imag_kl_reward": 3.8253607749938965, "mean_imag_kl_reward": 0.15356242656707764, "actor_loss": -3.6960413455963135, "lambda_cost": 0.1, "min_imag_value": -2.859771490097046, "max_imag_value": 6.210463523864746, "mean_imag_value": 1.305877923965454, "action_std": 6.58046875, "actor_grad_norm": 0.23509792983531952, "seq_len": 4, "mse_loss": 0.02261490561068058, "_wandb": {"runtime": 450}}