{"eval_episodic_return": -1.0, "eval_episodic_length": 9.0, "_timestamp": 1745496396, "_runtime": 59, "_step": 1539, "episodic_length": 9, "episodic_return": -1.0, "steps_per_second": 27.9443699647556, "env_buffer_length": 2539, "alm_loss": 7.871892929077148, "model_grad_norm": 5.290918827056885, "reward_loss": 0.02770424634218216, "min_true_reward": -1.0, "max_true_reward": -1.0, "mean_true_reward": -1.0, "classifier_loss": 0.7011977434158325, "reward_grad_norm": 0.7614589929580688, "mean_q_target": -3.3592941761016846, "variance_q_target": 0.8865688443183899, "min_q_target": -4.041370391845703, "max_q_target": -1.0, "critic_loss": 0.8953880667686462, "critic_grad_norm": 1.3974486589431763, "min_imag_reward": -0.6448318958282471, "max_imag_reward": 0.011186186224222183, "mean_imag_reward": -0.3879756033420563, "min_imag_kl_reward": -0.15952813625335693, "max_imag_kl_reward": 0.6981796026229858, "mean_imag_kl_reward": 0.23227420449256897, "actor_loss": 3.9578022956848145, "lambda_cost": 0.1, "min_imag_value": -3.5414445400238037, "max_imag_value": -2.596996307373047, "mean_imag_value": -3.1704306602478027, "action_std": 0.1, "actor_grad_norm": 0.20778360962867737, "seq_len": 5, "mse_loss": 0.8779283761978149, "_wandb": {"runtime": 60}}