{"eval_episodic_return": -1.0, "eval_episodic_length": 100.0, "_timestamp": 1745490635, "_runtime": 642, "_step": 16200, "episodic_length": 100, "episodic_return": -1.0, "steps_per_second": 25.026903164301405, "env_buffer_length": 17200, "alm_loss": 29.199363708496094, "model_grad_norm": 143.38815307617188, "reward_loss": 0.43196725845336914, "min_true_reward": -1.0, "max_true_reward": 5.0, "mean_true_reward": -0.765625, "classifier_loss": 0.6932166814804077, "reward_grad_norm": 5.4846510887146, "mean_q_target": -19.53326416015625, "variance_q_target": 16.67821502685547, "min_q_target": -29.5880126953125, "max_q_target": 5.0, "critic_loss": 8.662339210510254, "critic_grad_norm": 24.40188980102539, "min_imag_reward": -1.8391252756118774, "max_imag_reward": 8.400595664978027, "mean_imag_reward": 2.009521961212158, "min_imag_kl_reward": -0.0637398362159729, "max_imag_kl_reward": 0.7492932677268982, "mean_imag_kl_reward": 0.2028363198041916, "actor_loss": 17.333066940307617, "lambda_cost": 0.1, "min_imag_value": -30.133525848388672, "max_imag_value": -10.539668083190918, "mean_imag_value": -23.70745849609375, "action_std": 0.1, "actor_grad_norm": 2.960975170135498, "seq_len": 5, "mse_loss": 0.023927582427859306, "_wandb": {"runtime": 647}}