{"eval_episodic_return": -0.5, "eval_episodic_length": 50.0, "_timestamp": 1745582624, "_runtime": 422, "_step": 10150, "episodic_length": 50, "episodic_return": -0.5, "steps_per_second": 24.333657681231998, "env_buffer_length": 30150, "new_distance": 9.0, "prev_distance": 9.0, "alm_loss": 44.756221771240234, "model_grad_norm": 658.66748046875, "reward_loss": 0.15304473042488098, "min_true_reward": -0.5, "max_true_reward": -0.15000000596046448, "mean_true_reward": -0.486328125, "classifier_loss": 0.6484864354133606, "reward_grad_norm": 5.067280292510986, "mean_q_target": -6.37065315246582, "variance_q_target": 14.957236289978027, "min_q_target": -10.12806224822998, "max_q_target": 11.673277854919434, "critic_loss": 1.3486926555633545, "critic_grad_norm": 6.755262851715088, "min_imag_reward": -0.716561496257782, "max_imag_reward": 6.615682125091553, "mean_imag_reward": -0.0936034545302391, "min_imag_kl_reward": -2.994079113006592, "max_imag_kl_reward": 2.169809341430664, "mean_imag_kl_reward": -0.18791042268276215, "actor_loss": 3.436389207839966, "lambda_cost": 0.1, "min_imag_value": -9.942561149597168, "max_imag_value": 13.328594207763672, "mean_imag_value": -4.875674724578857, "action_std": 0.55, "actor_grad_norm": 2.473665952682495, "seq_len": 5, "mse_loss": 0.022031988948583603, "_wandb": {"runtime": 424}}