{"eval_episodic_return": 0.0, "eval_episodic_length": 18.0, "_timestamp": 1745485012, "_runtime": 119, "_step": 4716, "episodic_length": 18, "episodic_return": 0.0, "steps_per_second": 38.23179472636765, "env_buffer_length": 5616, "alm_loss": 7.374238014221191, "model_grad_norm": 28.111358642578125, "reward_loss": 1.1077087037847377e-05, "min_true_reward": 0.0, "max_true_reward": 0.0, "mean_true_reward": 0.0, "classifier_loss": 0.5842151641845703, "reward_grad_norm": 1.0032296180725098, "mean_q_target": -2.9443423748016357, "variance_q_target": 0.9744846224784851, "min_q_target": -3.979564905166626, "max_q_target": 0.0, "critic_loss": 0.4829103946685791, "critic_grad_norm": 0.3027743697166443, "min_imag_reward": 0.05130772665143013, "max_imag_reward": 0.20776621997356415, "mean_imag_reward": 0.12665921449661255, "min_imag_kl_reward": -1.3956284523010254, "max_imag_kl_reward": 1.2854136228561401, "mean_imag_kl_reward": -0.24800509214401245, "actor_loss": 3.2217068672180176, "lambda_cost": 0.1, "min_imag_value": -4.162714958190918, "max_imag_value": -1.6468565464019775, "mean_imag_value": -3.371858596801758, "action_std": 0.1, "actor_grad_norm": 0.00024412029597442597, "seq_len": 1, "mse_loss": 0.06384647637605667, "_wandb": {"runtime": 121}}