{"eval_episodic_return": -1.0, "eval_episodic_length": 100.0, "_timestamp": 1745486679, "_runtime": 76, "_step": 1800, "episodic_length": 100, "episodic_return": -1.0, "steps_per_second": 24.250113523239857, "env_buffer_length": 2800, "alm_loss": -7.022159099578857, "model_grad_norm": 30.365856170654297, "reward_loss": 142.87094116210938, "min_true_reward": -1.0, "max_true_reward": 75.0, "mean_true_reward": 0.9296875, "classifier_loss": 0.7007477879524231, "reward_grad_norm": 4.876794338226318, "mean_q_target": 4.868875503540039, "variance_q_target": 144.887451171875, "min_q_target": -1.0, "max_q_target": 79.4150619506836, "critic_loss": 144.3942108154297, "critic_grad_norm": 3.1724605560302734, "min_imag_reward": -1.4075580835342407, "max_imag_reward": 2.2418031692504883, "mean_imag_reward": 1.951427698135376, "min_imag_kl_reward": -0.3898542523384094, "max_imag_kl_reward": 1.0294641256332397, "mean_imag_kl_reward": 0.08107831329107285, "actor_loss": -9.896313667297363, "lambda_cost": 0.1, "min_imag_value": -1.6270557641983032, "max_imag_value": 5.40104866027832, "mean_imag_value": 4.677066326141357, "action_std": 0.1, "actor_grad_norm": 0.9148038029670715, "seq_len": 5, "mse_loss": 0.33515772223472595, "_wandb": {"runtime": 81}}