{"eval_episodic_return": -0.38, "eval_episodic_length": 50.0, "_timestamp": 1745582828, "_runtime": 188, "_step": 4400, "episodic_length": 50, "episodic_return": -0.5, "steps_per_second": 23.992373334999062, "env_buffer_length": 24400, "new_distance": 9.486832980505138, "prev_distance": 9.486832980505138, "alm_loss": 82.67958068847656, "model_grad_norm": 1016.2765502929688, "reward_loss": 0.010041744448244572, "min_true_reward": -0.5, "max_true_reward": 0.0, "mean_true_reward": -0.4659179449081421, "classifier_loss": 0.6670839786529541, "reward_grad_norm": 0.4139528274536133, "mean_q_target": -3.927212715148926, "variance_q_target": 4.461952209472656, "min_q_target": -6.484748363494873, "max_q_target": 1.5450356006622314, "critic_loss": 0.2891884446144104, "critic_grad_norm": 0.44819071888923645, "min_imag_reward": -0.6393635272979736, "max_imag_reward": 0.9771760106086731, "mean_imag_reward": -0.21149949729442596, "min_imag_kl_reward": -1.2004728317260742, "max_imag_kl_reward": 0.709907054901123, "mean_imag_kl_reward": -0.08027147501707077, "actor_loss": 2.5087475776672363, "lambda_cost": 0.1, "min_imag_value": -6.015474319458008, "max_imag_value": 2.5060534477233887, "mean_imag_value": -2.6955478191375732, "action_std": 0.8200000000000001, "actor_grad_norm": 0.0017955024959519506, "seq_len": 5, "mse_loss": 0.037588924169540405, "_wandb": {"runtime": 189}}