{"eval_episodic_return": -1.0, "eval_episodic_length": 10.0, "_timestamp": 1745459106, "_runtime": 10276, "_step": 99000, "episodic_length": 10, "episodic_return": -1.0, "steps_per_second": 9.158132941822778, "env_buffer_length": 100000, "alm_loss": 29.741653442382812, "model_grad_norm": 1190.154541015625, "reward_loss": 9.046518201216713e-09, "min_true_reward": -1.0, "max_true_reward": -1.0, "mean_true_reward": -1.0, "classifier_loss": 0.6822046041488647, "reward_grad_norm": 2.7021923065185547, "mean_q_target": -12.436103820800781, "variance_q_target": 13.868857383728027, "min_q_target": -13.710052490234375, "max_q_target": -1.0, "critic_loss": 13.844039916992188, "critic_grad_norm": 11.631625175476074, "min_imag_reward": -0.9698020815849304, "max_imag_reward": -0.9577397108078003, "mean_imag_reward": -0.9620203375816345, "min_imag_kl_reward": -1.431359887123108, "max_imag_kl_reward": -0.05919232964515686, "mean_imag_kl_reward": -0.809467613697052, "actor_loss": 16.19502830505371, "lambda_cost": 0.1, "min_imag_value": -12.735221862792969, "max_imag_value": -12.5388765335083, "mean_imag_value": -12.65873908996582, "action_std": 0.1, "actor_grad_norm": 0.0, "seq_len": 10, "mse_loss": 0.02146565541625023, "_wandb": {"runtime": 10276}}