{"eval_episodic_return": -1.0, "eval_episodic_length": 8.0, "_timestamp": 1745496907, "_runtime": 134, "_step": 5696, "episodic_length": 8, "episodic_return": -1.0, "steps_per_second": 42.336237808647816, "env_buffer_length": 6696, "alm_loss": 13.515562057495117, "model_grad_norm": 52.355960845947266, "reward_loss": 0.0075745731592178345, "min_true_reward": -1.0, "max_true_reward": -1.0, "mean_true_reward": -1.0, "classifier_loss": 0.6931676864624023, "reward_grad_norm": 0.3929654359817505, "mean_q_target": -6.891834259033203, "variance_q_target": 0.023786775767803192, "min_q_target": -7.050833702087402, "max_q_target": -6.4727067947387695, "critic_loss": 0.6072152256965637, "critic_grad_norm": 7.012019157409668, "min_imag_reward": -0.7584624886512756, "max_imag_reward": -0.4644937217235565, "mean_imag_reward": -0.6655042171478271, "min_imag_kl_reward": -0.04880097508430481, "max_imag_kl_reward": 0.2668878734111786, "mean_imag_kl_reward": 0.08763065189123154, "actor_loss": 6.676436424255371, "lambda_cost": 0.1, "min_imag_value": -6.189603328704834, "max_imag_value": -5.666474342346191, "mean_imag_value": -5.924190521240234, "action_std": 0.1, "actor_grad_norm": 0.0015016919933259487, "seq_len": 2, "mse_loss": 0.7051750421524048, "_wandb": {"runtime": 136}}