{"eval_episodic_return": -0.5, "eval_episodic_length": 16.0, "_timestamp": 1745535229, "_runtime": 359, "_step": 9177, "episodic_length": 16, "episodic_return": 0.8, "steps_per_second": 26.56886603537983, "env_buffer_length": 17369, "new_distance": 8.0, "prev_distance": 8.06225774829855, "alm_loss": 48.125389099121094, "model_grad_norm": 763.6015014648438, "reward_loss": 0.016086701303720474, "min_true_reward": -1.1313709020614624, "max_true_reward": 1.0630146265029907, "mean_true_reward": 0.1712503433227539, "classifier_loss": 0.5867887735366821, "reward_grad_norm": 0.5508949160575867, "mean_q_target": 3.197845458984375, "variance_q_target": 4.762456893920898, "min_q_target": -1.9079713821411133, "max_q_target": 6.653018474578857, "critic_loss": 0.5482563972473145, "critic_grad_norm": 2.4264800548553467, "min_imag_reward": -0.5279749631881714, "max_imag_reward": 1.4299639463424683, "mean_imag_reward": 0.7234347462654114, "min_imag_kl_reward": -3.2166128158569336, "max_imag_kl_reward": 3.8911919593811035, "mean_imag_kl_reward": 0.5824737548828125, "actor_loss": -6.947343349456787, "lambda_cost": 0.1, "min_imag_value": -1.2360930442810059, "max_imag_value": 6.97123908996582, "mean_imag_value": 4.57084846496582, "action_std": 6.8890625, "actor_grad_norm": 0.05139635503292084, "seq_len": 4, "mse_loss": 0.023330358788371086, "_wandb": {"runtime": 360}}