{"eval_episodic_return": -1.0, "eval_episodic_length": 16.0, "_timestamp": 1745537882, "_runtime": 415, "_step": 10609, "episodic_length": 16, "episodic_return": -1, "steps_per_second": 24.631878764032077, "env_buffer_length": 18801, "new_distance": 10.63014581273465, "prev_distance": 11.313708498984761, "alm_loss": 83.60160827636719, "model_grad_norm": 1657.49951171875, "reward_loss": 0.11580239981412888, "min_true_reward": -1.0, "max_true_reward": 2.0, "mean_true_reward": -0.76953125, "classifier_loss": 0.6080206632614136, "reward_grad_norm": 2.959670066833496, "mean_q_target": -6.2927470207214355, "variance_q_target": 21.700733184814453, "min_q_target": -12.542126655578613, "max_q_target": 8.330135345458984, "critic_loss": 2.5418343544006348, "critic_grad_norm": 13.455154418945312, "min_imag_reward": -1.084987759590149, "max_imag_reward": 2.8715803623199463, "mean_imag_reward": -0.26081833243370056, "min_imag_kl_reward": -2.087155818939209, "max_imag_kl_reward": 1.588141679763794, "mean_imag_kl_reward": 0.24496787786483765, "actor_loss": 2.013383626937866, "lambda_cost": 0.1, "min_imag_value": -12.856277465820312, "max_imag_value": 7.956195831298828, "mean_imag_value": -4.23289680480957, "action_std": 6.70390625, "actor_grad_norm": 2.29717755317688, "seq_len": 4, "mse_loss": 0.02400735765695572, "_wandb": {"runtime": 416}}