{"eval_episodic_return": -1.0, "eval_episodic_length": 100.0, "_timestamp": 1745486345, "_runtime": 567, "_step": 14000, "episodic_length": 100, "episodic_return": -1.0, "steps_per_second": 23.5529914567351, "env_buffer_length": 15000, "alm_loss": 48.13632583618164, "model_grad_norm": 381.2073669433594, "reward_loss": 3.6409278436622117e-06, "min_true_reward": -1.0, "max_true_reward": -1.0, "mean_true_reward": -1.0, "classifier_loss": 0.6916252374649048, "reward_grad_norm": 0.07124694436788559, "mean_q_target": -28.829917907714844, "variance_q_target": 1.8476696014404297, "min_q_target": -29.56671714782715, "max_q_target": -1.0, "critic_loss": 1.6326555013656616, "critic_grad_norm": 6.008923053741455, "min_imag_reward": -0.9159259796142578, "max_imag_reward": -0.7164481282234192, "mean_imag_reward": -0.8539690375328064, "min_imag_kl_reward": -0.03725671023130417, "max_imag_kl_reward": 0.3404847979545593, "mean_imag_kl_reward": 0.0752459317445755, "actor_loss": 29.282690048217773, "lambda_cost": 0.1, "min_imag_value": -29.087696075439453, "max_imag_value": -25.107208251953125, "mean_imag_value": -28.34370994567871, "action_std": 0.1, "actor_grad_norm": 0.061774369329214096, "seq_len": 5, "mse_loss": 0.026573775336146355, "_wandb": {"runtime": 571}}