{"eval_episodic_return": -0.5, "eval_episodic_length": 100.0, "_timestamp": 1745541050, "_runtime": 1190, "_step": 36301, "episodic_length": 100, "episodic_return": 0.0, "steps_per_second": 32.88102595790013, "env_buffer_length": 46301, "new_distance": 6.0, "prev_distance": 6.0, "alm_loss": 64.85124206542969, "model_grad_norm": 6495.2958984375, "reward_loss": 0.06838072836399078, "min_true_reward": -0.5, "max_true_reward": 0.75, "mean_true_reward": -0.3154296875, "classifier_loss": 0.6658337712287903, "reward_grad_norm": 12.263545989990234, "mean_q_target": -38.087303161621094, "variance_q_target": 74.6624984741211, "min_q_target": -42.76768112182617, "max_q_target": 3.5263729095458984, "critic_loss": 20.506591796875, "critic_grad_norm": 164.50222778320312, "min_imag_reward": -0.5914720296859741, "max_imag_reward": 7.286707878112793, "mean_imag_reward": -0.18416516482830048, "min_imag_kl_reward": -3.4462475776672363, "max_imag_kl_reward": 2.0212204456329346, "mean_imag_kl_reward": -0.6624811887741089, "actor_loss": 35.941566467285156, "lambda_cost": 0.1, "min_imag_value": -43.25379943847656, "max_imag_value": 5.681435585021973, "mean_imag_value": -37.65013122558594, "action_std": 0.1, "actor_grad_norm": 1.1942143440246582, "seq_len": 3, "mse_loss": 0.021972348913550377, "_wandb": {"runtime": 1193}}