{"eval_episodic_return": -1.0, "eval_episodic_length": 50.0, "_timestamp": 1745581457, "_runtime": 375, "_step": 8750, "episodic_length": 50, "episodic_return": -1.0, "steps_per_second": 24.78704718310367, "env_buffer_length": 28750, "new_distance": 9.0, "prev_distance": 9.0, "alm_loss": 60.6036376953125, "model_grad_norm": 811.1077880859375, "reward_loss": 0.008627486415207386, "min_true_reward": -1.0, "max_true_reward": -0.30000001192092896, "mean_true_reward": -0.968945324420929, "classifier_loss": 0.6738324761390686, "reward_grad_norm": 0.9426182508468628, "mean_q_target": -13.219941139221191, "variance_q_target": 13.673593521118164, "min_q_target": -17.74429702758789, "max_q_target": 1.2827093601226807, "critic_loss": 1.7837575674057007, "critic_grad_norm": 3.531409978866577, "min_imag_reward": -1.2962028980255127, "max_imag_reward": 3.827942371368408, "mean_imag_reward": -0.8885543942451477, "min_imag_kl_reward": -0.670581579208374, "max_imag_kl_reward": 0.7304004430770874, "mean_imag_kl_reward": 0.004306091461330652, "actor_loss": 12.267224311828613, "lambda_cost": 0.1, "min_imag_value": -17.21489143371582, "max_imag_value": 1.9859752655029297, "mean_imag_value": -11.447134971618652, "action_std": 0.6174999999999999, "actor_grad_norm": 0.005008162930607796, "seq_len": 5, "mse_loss": 0.022648939862847328, "_wandb": {"runtime": 379}}