{"eval_episodic_return": -0.5, "eval_episodic_length": 16.0, "_timestamp": 1745533803, "_runtime": 270, "_step": 7017, "episodic_length": 16, "episodic_return": -0.5, "steps_per_second": 26.81452156186144, "env_buffer_length": 9065, "new_distance": 11.313708498984761, "prev_distance": 11.313708498984761, "alm_loss": 13.283329963684082, "model_grad_norm": 906.36767578125, "reward_loss": 0.005127468146383762, "min_true_reward": -0.5, "max_true_reward": 0.5, "mean_true_reward": -0.29296875, "classifier_loss": 0.6804074645042419, "reward_grad_norm": 0.5694138407707214, "mean_q_target": 1.8233997821807861, "variance_q_target": 1.7538448572158813, "min_q_target": -3.536336898803711, "max_q_target": 3.2309906482696533, "critic_loss": 0.37695348262786865, "critic_grad_norm": 0.41794896125793457, "min_imag_reward": -0.5378153920173645, "max_imag_reward": 0.8255746364593506, "mean_imag_reward": 0.5350102782249451, "min_imag_kl_reward": -2.835571765899658, "max_imag_kl_reward": 1.6614770889282227, "mean_imag_kl_reward": -0.997612476348877, "actor_loss": -3.528459072113037, "lambda_cost": 0.1, "min_imag_value": -3.325590133666992, "max_imag_value": 2.9965577125549316, "mean_imag_value": 2.440446615219116, "action_std": 0.1, "actor_grad_norm": 0.28133466839790344, "seq_len": 4, "mse_loss": 0.024545704945921898, "_wandb": {"runtime": 271}}