{"eval_episodic_return": -1.0, "eval_episodic_length": 20.0, "_timestamp": 1745445922, "_runtime": 82, "_step": 2500, "episodic_length": 20, "episodic_return": -1.0, "steps_per_second": 35.824379311169494, "env_buffer_length": 7500, "alm_loss": 20.682025909423828, "model_grad_norm": 27.86261558532715, "reward_loss": 0.00017850808217190206, "min_true_reward": -1.0, "max_true_reward": -1.0, "mean_true_reward": -1.0, "classifier_loss": 0.6924622058868408, "reward_grad_norm": 0.047000132501125336, "mean_q_target": -9.099172592163086, "variance_q_target": 4.443397045135498, "min_q_target": -10.378273010253906, "max_q_target": -1.0, "critic_loss": 3.9721016883850098, "critic_grad_norm": 1.6211681365966797, "min_imag_reward": -0.9747614860534668, "max_imag_reward": -0.7623133659362793, "mean_imag_reward": -0.9137023687362671, "min_imag_kl_reward": -0.15766270458698273, "max_imag_kl_reward": 0.09664949774742126, "mean_imag_kl_reward": -0.02084806188941002, "actor_loss": 10.40494155883789, "lambda_cost": 0.1, "min_imag_value": -10.22519302368164, "max_imag_value": -6.8502397537231445, "mean_imag_value": -9.116438865661621, "action_std": 0.9774999999999999, "actor_grad_norm": 0.002131606684997678, "seq_len": 3, "mse_loss": 0.2751794457435608, "_wandb": {"runtime": 84}}