{"eval_episodic_return": -0.5, "eval_episodic_length": 16.0, "_timestamp": 1745534191, "_runtime": 376, "_step": 9689, "episodic_length": 16, "episodic_return": -0.5, "steps_per_second": 25.402704216821864, "env_buffer_length": 11737, "new_distance": 8.06225774829855, "prev_distance": 8.06225774829855, "alm_loss": 24.376361846923828, "model_grad_norm": 1088.2376708984375, "reward_loss": 0.004243756644427776, "min_true_reward": -0.5, "max_true_reward": 1.7023104429244995, "mean_true_reward": 0.1817186027765274, "classifier_loss": 0.6680371761322021, "reward_grad_norm": 0.7775048613548279, "mean_q_target": 2.0981712341308594, "variance_q_target": 10.635477066040039, "min_q_target": -2.6765224933624268, "max_q_target": 9.126083374023438, "critic_loss": 0.5245586633682251, "critic_grad_norm": 1.12678062915802, "min_imag_reward": -0.8366596102714539, "max_imag_reward": 1.6904480457305908, "mean_imag_reward": 0.8443601131439209, "min_imag_kl_reward": -2.1922099590301514, "max_imag_kl_reward": 3.1075472831726074, "mean_imag_kl_reward": 0.4178900420665741, "actor_loss": -7.741428375244141, "lambda_cost": 0.1, "min_imag_value": -2.286851167678833, "max_imag_value": 8.496564865112305, "mean_imag_value": 4.1407470703125, "action_std": 0.1, "actor_grad_norm": 0.12877577543258667, "seq_len": 4, "mse_loss": 0.022071275860071182, "_wandb": {"runtime": 378}}