{"eval_episodic_return": -1.0, "eval_episodic_length": 100.0, "_timestamp": 1745549263, "_runtime": 7908, "_step": 240000, "episodic_length": 100, "episodic_return": -1.0, "steps_per_second": 30.51803631470415, "env_buffer_length": 100000, "new_distance": 9.0, "prev_distance": 9.0, "alm_loss": 52.728485107421875, "model_grad_norm": 3076.274658203125, "reward_loss": 1.980602064577397e-07, "min_true_reward": -1.0, "max_true_reward": -1.0, "mean_true_reward": -1.0, "classifier_loss": 0.6930850148200989, "reward_grad_norm": 0.008687121793627739, "mean_q_target": -48.775352478027344, "variance_q_target": 18.303489685058594, "min_q_target": -52.8398551940918, "max_q_target": -1.0, "critic_loss": 17.942960739135742, "critic_grad_norm": 18.640844345092773, "min_imag_reward": -1.0017180442810059, "max_imag_reward": -0.998326301574707, "mean_imag_reward": -0.9998075366020203, "min_imag_kl_reward": -0.013478517532348633, "max_imag_kl_reward": 0.027675628662109375, "mean_imag_kl_reward": 0.0009451662190258503, "actor_loss": 48.903770446777344, "lambda_cost": 0.1, "min_imag_value": -52.642513275146484, "max_imag_value": -48.28547286987305, "mean_imag_value": -48.453826904296875, "action_std": 0.1, "actor_grad_norm": 0.0, "seq_len": 3, "mse_loss": 0.02009185217320919, "_wandb": {"runtime": 7909}}