{"eval_episodic_return": 19.789869908361464, "eval_episodic_length": 100.0, "_timestamp": 1750156199, "_runtime": 1055, "_step": 99162, "episodic_length": 52, "episodic_return": 100.0, "steps_per_second": 94.59503881321514, "env_buffer_length": 100000, "new_distance": 0.0, "prev_distance": 1.0, "alm_loss": -1561.1712646484375, "model_grad_norm": 159.06900024414062, "reward_loss": 901.3990478515625, "min_true_reward": 3.9163894653320312, "max_true_reward": 100.0, "mean_true_reward": 52.91595458984375, "classifier_loss": 0.00041444069938734174, "reward_grad_norm": 840.6676025390625, "mean_q_target": 1321.0472412109375, "variance_q_target": 75672.2421875, "min_q_target": 27.803730010986328, "max_q_target": 1449.3878173828125, "critic_loss": 73605.59375, "critic_grad_norm": 36135.82421875, "min_imag_reward": 47.100772857666016, "max_imag_reward": 109.08985900878906, "mean_imag_reward": 94.56369018554688, "min_imag_kl_reward": -16.658050537109375, "max_imag_kl_reward": 11.883769989013672, "mean_imag_kl_reward": -0.758312463760376, "actor_loss": -1500.3118896484375, "lambda_cost": 0.1, "min_imag_value": 807.122802734375, "max_imag_value": 1365.4708251953125, "mean_imag_value": 1253.4046630859375, "action_std": 0.10900000000000001, "actor_grad_norm": 2.2039856910705566, "seq_len": 3, "mse_loss": 3.561811923980713}