{"eval_episodic_return": 0.0, "eval_episodic_length": 20.0, "_timestamp": 1745494607, "_runtime": 3327, "_step": 99000, "episodic_length": 20, "episodic_return": 0.0, "steps_per_second": 29.751341781184596, "env_buffer_length": 100000, "alm_loss": 9.501335144042969, "model_grad_norm": 1586.9266357421875, "reward_loss": 0.04802166670560837, "min_true_reward": -1.0, "max_true_reward": 5.0, "mean_true_reward": -0.3125, "classifier_loss": 0.703425407409668, "reward_grad_norm": 1.9556015729904175, "mean_q_target": -3.8218209743499756, "variance_q_target": 6.6787800788879395, "min_q_target": -7.506642818450928, "max_q_target": 2.3650248050689697, "critic_loss": 0.9714301824569702, "critic_grad_norm": 6.999451637268066, "min_imag_reward": -1.2232768535614014, "max_imag_reward": 5.050666809082031, "mean_imag_reward": -0.19039945304393768, "min_imag_kl_reward": -0.2557935118675232, "max_imag_kl_reward": 0.10309082269668579, "mean_imag_kl_reward": -0.017940834164619446, "actor_loss": 2.5866916179656982, "lambda_cost": 0.1, "min_imag_value": -6.787790298461914, "max_imag_value": -1.183539628982544, "mean_imag_value": -2.823343276977539, "action_std": 0.1, "actor_grad_norm": 0.0, "seq_len": 5, "mse_loss": 0.036586396396160126, "_wandb": {"runtime": 3329}}