{"eval_episodic_return": 0.0, "eval_episodic_length": 100.0, "_timestamp": 1745485096, "_runtime": 23, "_step": 800, "episodic_length": 100, "episodic_return": 0.0, "steps_per_second": 40.199160230059775, "env_buffer_length": 1700, "alm_loss": 0.6474815607070923, "model_grad_norm": 0.2937723994255066, "reward_loss": 0.008174262940883636, "min_true_reward": 0.0, "max_true_reward": 0.0, "mean_true_reward": 0.0, "classifier_loss": 0.6985222697257996, "reward_grad_norm": 0.1539914906024933, "mean_q_target": -0.4476493000984192, "variance_q_target": 0.05341518297791481, "min_q_target": -0.9685584306716919, "max_q_target": 0.04350254312157631, "critic_loss": 0.0688856840133667, "critic_grad_norm": 0.15765339136123657, "min_imag_reward": -0.39167946577072144, "max_imag_reward": 0.6911223530769348, "mean_imag_reward": 0.22122147679328918, "min_imag_kl_reward": -1.0858280658721924, "max_imag_kl_reward": 1.1584060192108154, "mean_imag_kl_reward": 0.1421324759721756, "actor_loss": 0.32055944204330444, "lambda_cost": 0.1, "min_imag_value": -1.1365832090377808, "max_imag_value": -0.08289499580860138, "mean_imag_value": -0.5690853595733643, "action_std": 0.55, "actor_grad_norm": 1.1237753629684448, "seq_len": 1, "mse_loss": 1.0672563314437866, "_wandb": {"runtime": 26}}