{"eval_episodic_return": 6839.261003357351, "eval_episodic_length": 1000.0, "_timestamp": 1747084275, "_runtime": 18171, "_step": 495000, "episodic_length": 1000, "episodic_return": 6909.200297502696, "steps_per_second": 27.702335005484652, "env_buffer_length": 499374, "alm_loss": 1170.588134765625, "model_grad_norm": 208821.109375, "reward_loss": 0.0003799999540206045, "min_true_reward": 3.372422456741333, "max_true_reward": 7.15384578704834, "mean_true_reward": 5.73372745513916, "classifier_loss": 0.3768855333328247, "reward_grad_norm": 8.23437786102295, "mean_q_target": 581.7794799804688, "variance_q_target": 19894.0546875, "min_q_target": -102.17892456054688, "max_q_target": 670.2928466796875, "critic_loss": 88.08585357666016, "critic_grad_norm": 3069.560302734375, "min_imag_reward": 3.4522593021392822, "max_imag_reward": 7.149988174438477, "mean_imag_reward": 5.706783294677734, "min_imag_kl_reward": -26.94842529296875, "max_imag_kl_reward": 12.13414192199707, "mean_imag_kl_reward": -1.806908369064331, "actor_loss": -598.9652709960938, "lambda_cost": 0.1, "min_imag_value": -295.1047668457031, "max_imag_value": 672.2116088867188, "mean_imag_value": 594.8120727539062, "action_std": 0.1, "actor_grad_norm": 110.55484771728516, "seq_len": 3, "mse_loss": 0.16713622212409973, "_wandb": {"runtime": 18170}}