{"eval_episodic_return": -1.0, "eval_episodic_length": 16.0, "_timestamp": 1745536536, "_runtime": 896, "_step": 23361, "episodic_length": 16, "episodic_return": -1.0, "steps_per_second": 25.874613763476347, "env_buffer_length": 31553, "new_distance": 7.810249675906654, "prev_distance": 7.0710678118654755, "alm_loss": 14.198421478271484, "model_grad_norm": 1360.41552734375, "reward_loss": 0.0039652008563280106, "min_true_reward": -1.0, "max_true_reward": 1.1661903858184814, "mean_true_reward": 0.14867055416107178, "classifier_loss": 0.6742078065872192, "reward_grad_norm": 1.3495614528656006, "mean_q_target": 3.5006890296936035, "variance_q_target": 2.286918878555298, "min_q_target": -1.0, "max_q_target": 5.910146713256836, "critic_loss": 0.5589814186096191, "critic_grad_norm": 1.1961266994476318, "min_imag_reward": -1.261930227279663, "max_imag_reward": 1.3298817873001099, "mean_imag_reward": 0.7658578157424927, "min_imag_kl_reward": -1.3020294904708862, "max_imag_kl_reward": 1.1924660205841064, "mean_imag_kl_reward": -0.01969756931066513, "actor_loss": -5.5690598487854, "lambda_cost": 0.1, "min_imag_value": 0.4640917181968689, "max_imag_value": 5.188178539276123, "mean_imag_value": 3.795408010482788, "action_std": 5.1609375, "actor_grad_norm": 1.7473201751708984, "seq_len": 4, "mse_loss": 0.021230559796094894, "_wandb": {"runtime": 898}}