{"eval_episodic_return": -1.0, "eval_episodic_length": 18.0, "_timestamp": 1745445625, "_runtime": 212, "_step": 6261, "episodic_length": 18, "episodic_return": -1.0, "steps_per_second": 36.10320602422487, "env_buffer_length": 11261, "alm_loss": 33.772857666015625, "model_grad_norm": 141.20010375976562, "reward_loss": 1.603789860382676e-05, "min_true_reward": -1.0, "max_true_reward": -1.0, "mean_true_reward": -1.0, "classifier_loss": 0.6949084401130676, "reward_grad_norm": 0.039621271193027496, "mean_q_target": -14.553802490234375, "variance_q_target": 8.559103965759277, "min_q_target": -15.821117401123047, "max_q_target": -1.0, "critic_loss": 6.290469646453857, "critic_grad_norm": 4.4233527183532715, "min_imag_reward": -1.0249121189117432, "max_imag_reward": -0.9538072347640991, "mean_imag_reward": -0.9922990798950195, "min_imag_kl_reward": -0.0035346150398254395, "max_imag_kl_reward": 0.11895740032196045, "mean_imag_kl_reward": 0.042113494127988815, "actor_loss": 13.741666793823242, "lambda_cost": 0.1, "min_imag_value": -15.172966003417969, "max_imag_value": -6.189400672912598, "mean_imag_value": -13.393220901489258, "action_std": 0.946, "actor_grad_norm": 0.0817570835351944, "seq_len": 3, "mse_loss": 0.044982705265283585, "_wandb": {"runtime": 213}}