{"eval_episodic_return": -1.0, "eval_episodic_length": 8.0, "_timestamp": 1745496736, "_runtime": 213, "_step": 5896, "episodic_length": 8, "episodic_return": -1.0, "steps_per_second": 28.70395206773751, "env_buffer_length": 6896, "alm_loss": 34.733253479003906, "model_grad_norm": 1267.2799072265625, "reward_loss": 0.05758065730333328, "min_true_reward": -1.0, "max_true_reward": -1.0, "mean_true_reward": -1.0, "classifier_loss": 0.6886186003684998, "reward_grad_norm": 1.4817211627960205, "mean_q_target": -6.293279647827148, "variance_q_target": 4.303367614746094, "min_q_target": -7.298001289367676, "max_q_target": -1.0, "critic_loss": 3.898134469985962, "critic_grad_norm": 2.5929055213928223, "min_imag_reward": -0.8327282667160034, "max_imag_reward": -0.4568668305873871, "mean_imag_reward": -0.598906934261322, "min_imag_kl_reward": -0.16173617541790009, "max_imag_kl_reward": 0.27973803877830505, "mean_imag_kl_reward": 0.08791544288396835, "actor_loss": 7.329689025878906, "lambda_cost": 0.1, "min_imag_value": -6.494962215423584, "max_imag_value": -4.966020107269287, "mean_imag_value": -6.081770896911621, "action_std": 0.1, "actor_grad_norm": 0.008845154196023941, "seq_len": 5, "mse_loss": 5.258816242218018, "_wandb": {"runtime": 214}}