{"eval_episodic_return": -1.0, "eval_episodic_length": 48.0, "_timestamp": 1745538974, "_runtime": 182, "_step": 6057, "episodic_length": 48, "episodic_return": -1, "steps_per_second": 40.07966937147135, "env_buffer_length": 14249, "new_distance": 8.06225774829855, "prev_distance": 8.06225774829855, "alm_loss": 23.95813751220703, "model_grad_norm": 320.7867126464844, "reward_loss": 0.03567449003458023, "min_true_reward": -1.0, "max_true_reward": -1.0, "mean_true_reward": -1.0, "classifier_loss": 0.6387518644332886, "reward_grad_norm": 2.585322856903076, "mean_q_target": -5.218091011047363, "variance_q_target": 6.124122142791748, "min_q_target": -9.374995231628418, "max_q_target": 1.4983937740325928, "critic_loss": 0.6069146394729614, "critic_grad_norm": 7.211490631103516, "min_imag_reward": -1.4955780506134033, "max_imag_reward": 3.0205416679382324, "mean_imag_reward": -0.7826769351959229, "min_imag_kl_reward": -0.9511507153511047, "max_imag_kl_reward": 0.9069821834564209, "mean_imag_kl_reward": 0.07690528780221939, "actor_loss": 4.76054573059082, "lambda_cost": 0.1, "min_imag_value": -8.066014289855957, "max_imag_value": 2.284472703933716, "mean_imag_value": -4.184361457824707, "action_std": 0.915625, "actor_grad_norm": 0.024437561631202698, "seq_len": 2, "mse_loss": 0.02374165505170822, "_wandb": {"runtime": 185}}