{"eval_episodic_return": 3.0459024364403655, "eval_episodic_length": 16.0, "_timestamp": 1745534844, "_runtime": 50, "_step": 1200, "episodic_length": 16, "episodic_return": -0.5, "steps_per_second": 26.736801593318834, "env_buffer_length": 9392, "new_distance": 8.06225774829855, "prev_distance": 8.06225774829855, "alm_loss": 26.991498947143555, "model_grad_norm": 180.15602111816406, "reward_loss": 56.4521484375, "min_true_reward": -11.313708305358887, "max_true_reward": 10.630146026611328, "mean_true_reward": 2.1428844928741455, "classifier_loss": 0.6919041872024536, "reward_grad_norm": 13.515679359436035, "mean_q_target": 5.134669780731201, "variance_q_target": 65.01329040527344, "min_q_target": -11.313708305358887, "max_q_target": 14.447750091552734, "critic_loss": 58.687767028808594, "critic_grad_norm": 14.15506362915039, "min_imag_reward": 0.7118388414382935, "max_imag_reward": 3.667323589324951, "mean_imag_reward": 2.5291757583618164, "min_imag_kl_reward": -0.517000138759613, "max_imag_kl_reward": 0.5440851449966431, "mean_imag_kl_reward": -0.09105560928583145, "actor_loss": -10.593029022216797, "lambda_cost": 0.1, "min_imag_value": 1.3262770175933838, "max_imag_value": 5.7790350914001465, "mean_imag_value": 4.777541637420654, "action_std": 7.8765625, "actor_grad_norm": 4.104853630065918, "seq_len": 4, "mse_loss": 0.2793392837047577, "_wandb": {"runtime": 52}}