{"eval_episodic_return": -1.0, "eval_episodic_length": 4.0, "_timestamp": 1745498405, "_runtime": 74, "_step": 2952, "episodic_length": 4, "episodic_return": -1.0, "steps_per_second": 41.76990374896056, "env_buffer_length": 3952, "alm_loss": 4.049405574798584, "model_grad_norm": 13.864065170288086, "reward_loss": 0.1971314251422882, "min_true_reward": -1.0, "max_true_reward": -1.0, "mean_true_reward": -1.0, "classifier_loss": 0.6818550229072571, "reward_grad_norm": 2.1743831634521484, "mean_q_target": -1.9306095838546753, "variance_q_target": 0.42430204153060913, "min_q_target": -2.511882781982422, "max_q_target": -1.0, "critic_loss": 0.5110710859298706, "critic_grad_norm": 1.138243317604065, "min_imag_reward": -0.4500114619731903, "max_imag_reward": -0.04715748503804207, "mean_imag_reward": -0.2603197693824768, "min_imag_kl_reward": 0.03198755532503128, "max_imag_kl_reward": 0.17777395248413086, "mean_imag_kl_reward": 0.1017063558101654, "actor_loss": 1.8717025518417358, "lambda_cost": 0.1, "min_imag_value": -1.669479250907898, "max_imag_value": -1.411022424697876, "mean_imag_value": -1.5485843420028687, "action_std": 0.1, "actor_grad_norm": 0.040975745767354965, "seq_len": 2, "mse_loss": 0.18016725778579712, "_wandb": {"runtime": 75}}