{"eval_episodic_return": -1.0, "eval_episodic_length": 18.0, "_timestamp": 1745483848, "_runtime": 2941, "_step": 89100, "episodic_length": 18, "episodic_return": -1.0, "steps_per_second": 28.742907592836037, "env_buffer_length": 90000, "alm_loss": 16.821088790893555, "model_grad_norm": 256.6628112792969, "reward_loss": 8.327511835659607e-08, "min_true_reward": -1.0, "max_true_reward": -1.0, "mean_true_reward": -1.0, "classifier_loss": 0.6906899809837341, "reward_grad_norm": 0.31133025884628296, "mean_q_target": -11.592107772827148, "variance_q_target": 15.657611846923828, "min_q_target": -17.423572540283203, "max_q_target": -1.0, "critic_loss": 4.060581207275391, "critic_grad_norm": 6.388341903686523, "min_imag_reward": -1.0019947290420532, "max_imag_reward": -0.9737981557846069, "mean_imag_reward": -0.9981445074081421, "min_imag_kl_reward": -0.20316514372825623, "max_imag_kl_reward": 0.20855024456977844, "mean_imag_kl_reward": -0.007368040736764669, "actor_loss": 11.545598983764648, "lambda_cost": 0.1, "min_imag_value": -16.53765869140625, "max_imag_value": -3.1244664192199707, "mean_imag_value": -10.708921432495117, "action_std": 0.1, "actor_grad_norm": 0.00025822315365076065, "seq_len": 3, "mse_loss": 0.02360232174396515, "_wandb": {"runtime": 2943}}