{"eval_episodic_return": -1.0, "eval_episodic_length": 8.0, "_timestamp": 1745497176, "_runtime": 222, "_step": 7112, "episodic_length": 8, "episodic_return": -1.0, "steps_per_second": 32.25048056960955, "env_buffer_length": 8112, "alm_loss": 19.64455223083496, "model_grad_norm": 827.8419799804688, "reward_loss": 0.5647310018539429, "min_true_reward": -1.0, "max_true_reward": 2.5, "mean_true_reward": -0.78125, "classifier_loss": 0.683643639087677, "reward_grad_norm": 0.6904267072677612, "mean_q_target": -4.312753677368164, "variance_q_target": 1.9841405153274536, "min_q_target": -5.4255475997924805, "max_q_target": -0.6810967922210693, "critic_loss": 1.564531683921814, "critic_grad_norm": 0.9997291564941406, "min_imag_reward": -0.6898751854896545, "max_imag_reward": 0.44000086188316345, "mean_imag_reward": -0.051860712468624115, "min_imag_kl_reward": -0.20530486106872559, "max_imag_kl_reward": 0.14600753784179688, "mean_imag_kl_reward": -0.0005213897675275803, "actor_loss": 2.6395134925842285, "lambda_cost": 0.1, "min_imag_value": -4.152874946594238, "max_imag_value": -2.5825750827789307, "mean_imag_value": -3.1382107734680176, "action_std": 0.1, "actor_grad_norm": 0.011352653615176678, "seq_len": 4, "mse_loss": 3.2141904830932617, "_wandb": {"runtime": 223}}