{"eval_episodic_return": -1.0, "eval_episodic_length": 20.0, "_timestamp": 1745496046, "_runtime": 354, "_step": 9940, "episodic_length": 20, "episodic_return": 0.0, "steps_per_second": 35.435938595676014, "env_buffer_length": 10940, "alm_loss": 94.25979614257812, "model_grad_norm": 907.4144287109375, "reward_loss": 0.33871883153915405, "min_true_reward": -1.0, "max_true_reward": 0.0, "mean_true_reward": -0.75, "classifier_loss": 0.701006293296814, "reward_grad_norm": 2.527984142303467, "mean_q_target": -4.227665901184082, "variance_q_target": 7.798135757446289, "min_q_target": -7.52092170715332, "max_q_target": 0.0, "critic_loss": 0.3319791257381439, "critic_grad_norm": 3.5503153800964355, "min_imag_reward": -1.030188798904419, "max_imag_reward": 0.18938395380973816, "mean_imag_reward": -0.3423883616924286, "min_imag_kl_reward": -0.4512615203857422, "max_imag_kl_reward": 0.092867910861969, "mean_imag_kl_reward": -0.08964350074529648, "actor_loss": 3.717552661895752, "lambda_cost": 0.1, "min_imag_value": -6.831888675689697, "max_imag_value": 0.3774740993976593, "mean_imag_value": -3.308276653289795, "action_std": 0.1, "actor_grad_norm": 0.003731806529685855, "seq_len": 5, "mse_loss": 2.007666826248169, "_wandb": {"runtime": 355}}