{"eval_episodic_return": -0.19, "eval_episodic_length": 50.0, "_timestamp": 1745583014, "_runtime": 138, "_step": 3150, "episodic_length": 50, "episodic_return": -0.25, "steps_per_second": 22.558967470110726, "env_buffer_length": 23150, "new_distance": 9.848857801796104, "prev_distance": 9.848857801796104, "alm_loss": 60.185142517089844, "model_grad_norm": 125.56444549560547, "reward_loss": 0.006186520680785179, "min_true_reward": -0.25, "max_true_reward": 0.05000000074505806, "mean_true_reward": -0.23613280057907104, "classifier_loss": 0.687140941619873, "reward_grad_norm": 0.33440354466438293, "mean_q_target": -2.1619338989257812, "variance_q_target": 0.5445733070373535, "min_q_target": -3.140411138534546, "max_q_target": -0.10000000149011612, "critic_loss": 0.08798684179782867, "critic_grad_norm": 0.1811906397342682, "min_imag_reward": -0.3352532684803009, "max_imag_reward": 0.3777461051940918, "mean_imag_reward": -0.1067119836807251, "min_imag_kl_reward": -0.7869410514831543, "max_imag_kl_reward": 0.5110344886779785, "mean_imag_kl_reward": -0.008053145371377468, "actor_loss": 1.8238972425460815, "lambda_cost": 0.1, "min_imag_value": -3.0273680686950684, "max_imag_value": 0.16231077909469604, "mean_imag_value": -1.7953054904937744, "action_std": 0.865, "actor_grad_norm": 0.0011004097759723663, "seq_len": 5, "mse_loss": 0.04433571547269821, "_wandb": {"runtime": 141}}