{"eval_episodic_return": -0.2, "eval_episodic_length": 16.0, "_timestamp": 1745532321, "_runtime": 645, "_step": 16745, "episodic_length": 16, "episodic_return": -0.2, "steps_per_second": 31.438716420413634, "env_buffer_length": 18793, "new_distance": 10.63014581273465, "prev_distance": 10.63014581273465, "alm_loss": 16.44243049621582, "model_grad_norm": 3142.742919921875, "reward_loss": 0.0315595380961895, "min_true_reward": -1.7640283107757568, "max_true_reward": 1.7640283107757568, "mean_true_reward": 0.14611193537712097, "classifier_loss": 0.6567506790161133, "reward_grad_norm": 0.9495865702629089, "mean_q_target": 0.9133056998252869, "variance_q_target": 1.4537627696990967, "min_q_target": -1.600125789642334, "max_q_target": 3.73765230178833, "critic_loss": 0.13586001098155975, "critic_grad_norm": 1.1759042739868164, "min_imag_reward": -0.02330780029296875, "max_imag_reward": 2.0938620567321777, "mean_imag_reward": 1.0363949537277222, "min_imag_kl_reward": -4.721123218536377, "max_imag_kl_reward": 2.355579376220703, "mean_imag_kl_reward": -1.5415186882019043, "actor_loss": -3.0382707118988037, "lambda_cost": 0.1, "min_imag_value": -0.7975974082946777, "max_imag_value": 2.639103889465332, "mean_imag_value": 0.8717474341392517, "action_std": 0.1, "actor_grad_norm": 0.9067453742027283, "seq_len": 4, "mse_loss": 0.020796241238713264, "_wandb": {"runtime": 646}}