{"eval_episodic_return": -1.0, "eval_episodic_length": 16.0, "_timestamp": 1745520375, "_runtime": 7060, "_step": 126969, "episodic_length": 16, "episodic_return": -1.0, "steps_per_second": 18.563256522214186, "env_buffer_length": 100000, "alm_loss": 35.855194091796875, "model_grad_norm": 69127.34375, "reward_loss": 0.0011867847060784698, "min_true_reward": -1.0, "max_true_reward": 5.0, "mean_true_reward": -0.9423828125, "classifier_loss": 0.6979915499687195, "reward_grad_norm": 4.442638874053955, "mean_q_target": 0.3027585744857788, "variance_q_target": 0.6094809770584106, "min_q_target": -4.116859436035156, "max_q_target": 2.250288248062134, "critic_loss": 0.06200431287288666, "critic_grad_norm": 2.3680999279022217, "min_imag_reward": -1.303246259689331, "max_imag_reward": 6.167975902557373, "mean_imag_reward": 1.979620337486267, "min_imag_kl_reward": -4.959170341491699, "max_imag_kl_reward": 1.7293517589569092, "mean_imag_kl_reward": -1.1362167596817017, "actor_loss": -12.629950523376465, "lambda_cost": 0.1, "min_imag_value": -3.62666392326355, "max_imag_value": 3.424811363220215, "mean_imag_value": 1.8165991306304932, "action_std": 0.1, "actor_grad_norm": 101.66333770751953, "seq_len": 8, "mse_loss": 0.020865289494395256, "_wandb": {"runtime": 7061}}