{"eval_episodic_return": -1.0, "eval_episodic_length": 50.0, "_timestamp": 1745569994, "_runtime": 3333, "_step": 80000, "episodic_length": 50, "episodic_return": -1.0, "steps_per_second": 24.27160655857615, "env_buffer_length": 99951, "new_distance": 9.0, "prev_distance": 9.0, "alm_loss": 80.27772521972656, "model_grad_norm": 9750.765625, "reward_loss": 0.05918572098016739, "min_true_reward": -1.0, "max_true_reward": 100.0, "mean_true_reward": 2.7939453125, "classifier_loss": 0.6386944055557251, "reward_grad_norm": 9.327588081359863, "mean_q_target": -67.731689453125, "variance_q_target": 2674.322509765625, "min_q_target": -105.21649169921875, "max_q_target": 104.30970764160156, "critic_loss": 16.137287139892578, "critic_grad_norm": 1500.580078125, "min_imag_reward": -1.4335277080535889, "max_imag_reward": 100.27938842773438, "mean_imag_reward": 9.722747802734375, "min_imag_kl_reward": -7.374660015106201, "max_imag_kl_reward": 2.178345203399658, "mean_imag_kl_reward": -0.941569447517395, "actor_loss": 15.893988609313965, "lambda_cost": 0.1, "min_imag_value": -110.69771575927734, "max_imag_value": 103.20866394042969, "mean_imag_value": -58.8144645690918, "action_std": 0.1, "actor_grad_norm": 192.74697875976562, "seq_len": 5, "mse_loss": 0.02156086452305317, "_wandb": {"runtime": 3334}}