{"eval_episodic_return": -1.0, "eval_episodic_length": 10.0, "_timestamp": 1745446712, "_runtime": 104, "_step": 3040, "episodic_length": 10, "episodic_return": -1.0, "steps_per_second": 28.69363791718716, "env_buffer_length": 8040, "alm_loss": 22.93707847595215, "model_grad_norm": 103.82534790039062, "reward_loss": 9.550405229674652e-05, "min_true_reward": -1.0, "max_true_reward": -1.0, "mean_true_reward": -1.0, "classifier_loss": 0.6913734078407288, "reward_grad_norm": 0.027126187458634377, "mean_q_target": -8.119028091430664, "variance_q_target": 6.784189224243164, "min_q_target": -9.946247100830078, "max_q_target": -1.0, "critic_loss": 5.246559143066406, "critic_grad_norm": 0.7996689081192017, "min_imag_reward": -0.9741114377975464, "max_imag_reward": -0.864914059638977, "mean_imag_reward": -0.9333773851394653, "min_imag_kl_reward": -0.18071024119853973, "max_imag_kl_reward": 0.08865237236022949, "mean_imag_kl_reward": -0.005902017466723919, "actor_loss": 9.349517822265625, "lambda_cost": 0.1, "min_imag_value": -9.285216331481934, "max_imag_value": -3.471442222595215, "mean_imag_value": -8.025079727172852, "action_std": 0.973, "actor_grad_norm": 0.0022420487366616726, "seq_len": 3, "mse_loss": 0.2187913954257965, "_wandb": {"runtime": 105}}