{"eval_episodic_return": 1.4600297387503918, "eval_episodic_length": 100.0, "_timestamp": 1750155116, "_runtime": 500, "_step": 49701, "episodic_length": 100, "episodic_return": 6.572852861653048, "steps_per_second": 100.92692520278369, "env_buffer_length": 69701, "new_distance": 7.0, "prev_distance": 7.0, "alm_loss": -159.17547607421875, "model_grad_norm": 0.6704054474830627, "reward_loss": 64.04631042480469, "min_true_reward": 0.01234098058193922, "max_true_reward": 94.595947265625, "mean_true_reward": 3.2968759536743164, "classifier_loss": 0.5917776823043823, "reward_grad_norm": 18.126739501953125, "mean_q_target": 146.4078369140625, "variance_q_target": 144.48590087890625, "min_q_target": 2.8565499782562256, "max_q_target": 238.20372009277344, "critic_loss": 142.31356811523438, "critic_grad_norm": 26.774093627929688, "min_imag_reward": 4.054421901702881, "max_imag_reward": 18.20264434814453, "mean_imag_reward": 10.520130157470703, "min_imag_kl_reward": -2.939887046813965, "max_imag_kl_reward": 4.6786417961120605, "mean_imag_kl_reward": 0.2100067138671875, "actor_loss": -162.80482482910156, "lambda_cost": 0.1, "min_imag_value": 135.57717895507812, "max_imag_value": 153.37680053710938, "mean_imag_value": 146.08859252929688, "action_std": 0.5545, "actor_grad_norm": 0.08551548421382904, "seq_len": 3, "mse_loss": 1.2531774044036865}