{"eval_episodic_return": -1.0, "eval_episodic_length": 16.0, "_timestamp": 1745512293, "_runtime": 1200, "_step": 31473, "episodic_length": 16, "episodic_return": -1.0, "steps_per_second": 27.08171301695632, "env_buffer_length": 32497, "alm_loss": 35.33476257324219, "model_grad_norm": 1893.118408203125, "reward_loss": 0.006379985250532627, "min_true_reward": -1.0, "max_true_reward": 5.0, "mean_true_reward": -0.9375, "classifier_loss": 0.6828662157058716, "reward_grad_norm": 6.694864749908447, "mean_q_target": -8.433526992797852, "variance_q_target": 4.84199857711792, "min_q_target": -11.116259574890137, "max_q_target": -1.0, "critic_loss": 3.7763495445251465, "critic_grad_norm": 8.582629203796387, "min_imag_reward": -1.1540242433547974, "max_imag_reward": 4.6992950439453125, "mean_imag_reward": 1.1323482990264893, "min_imag_kl_reward": -5.035987854003906, "max_imag_kl_reward": 2.960834503173828, "mean_imag_kl_reward": -2.623631477355957, "actor_loss": 4.720465660095215, "lambda_cost": 0.1, "min_imag_value": -10.240817070007324, "max_imag_value": -4.122479438781738, "mean_imag_value": -7.852040767669678, "action_std": 0.1, "actor_grad_norm": 20.106163024902344, "seq_len": 4, "mse_loss": 0.02099580317735672, "_wandb": {"runtime": 1201}}