{"eval_episodic_return": 0.2, "eval_episodic_length": 20.0, "_timestamp": 1745491179, "_runtime": 501, "_step": 14660, "episodic_length": 20, "episodic_return": 5.0, "steps_per_second": 29.45965745270396, "env_buffer_length": 15660, "alm_loss": -7.941772937774658, "model_grad_norm": 2945.509033203125, "reward_loss": 1.887010097503662, "min_true_reward": -1.0, "max_true_reward": 5.0, "mean_true_reward": 2.0, "classifier_loss": 0.6788361668586731, "reward_grad_norm": 4.689362049102783, "mean_q_target": 17.837257385253906, "variance_q_target": 93.28648376464844, "min_q_target": 5.0, "max_q_target": 31.27775764465332, "critic_loss": 78.19766235351562, "critic_grad_norm": 203.49644470214844, "min_imag_reward": -0.6044809818267822, "max_imag_reward": 5.131560802459717, "mean_imag_reward": 2.00231671333313, "min_imag_kl_reward": -0.2868325710296631, "max_imag_kl_reward": 0.24690736830234528, "mean_imag_kl_reward": 0.016018077731132507, "actor_loss": -29.577423095703125, "lambda_cost": 0.1, "min_imag_value": 11.30788516998291, "max_imag_value": 28.42213249206543, "mean_imag_value": 23.229324340820312, "action_std": 0.1, "actor_grad_norm": 0.004039714578539133, "seq_len": 5, "mse_loss": 0.3330833315849304, "_wandb": {"runtime": 503}}