{"eval_episodic_return": -1.0, "eval_episodic_length": 50.0, "_timestamp": 1745582149, "_runtime": 678, "_step": 16250, "episodic_length": 50, "episodic_return": -1.0, "steps_per_second": 23.699423141120118, "env_buffer_length": 36250, "new_distance": 9.0, "prev_distance": 9.0, "alm_loss": 58.922454833984375, "model_grad_norm": 474.4213562011719, "reward_loss": 0.009575660340487957, "min_true_reward": -1.0, "max_true_reward": -0.30000001192092896, "mean_true_reward": -0.9763672351837158, "classifier_loss": 0.610099196434021, "reward_grad_norm": 1.1457761526107788, "mean_q_target": -23.58356475830078, "variance_q_target": 55.40795135498047, "min_q_target": -29.91762924194336, "max_q_target": 9.507431983947754, "critic_loss": 10.165365219116211, "critic_grad_norm": 19.177366256713867, "min_imag_reward": -1.3395708799362183, "max_imag_reward": 12.001938819885254, "mean_imag_reward": -0.8841175436973572, "min_imag_kl_reward": -3.250267744064331, "max_imag_kl_reward": 1.9495697021484375, "mean_imag_kl_reward": -0.4841006398200989, "actor_loss": 21.92778968811035, "lambda_cost": 0.1, "min_imag_value": -29.429384231567383, "max_imag_value": 13.723995208740234, "mean_imag_value": -21.975736618041992, "action_std": 0.27999999999999997, "actor_grad_norm": 1.4887943267822266, "seq_len": 5, "mse_loss": 0.021752556785941124, "_wandb": {"runtime": 680}}