{"eval_episodic_return": 79.8, "eval_episodic_length": 29.4, "_timestamp": 1745566550, "_runtime": 1698, "_step": 40000, "episodic_length": 18, "episodic_return": 100.0, "steps_per_second": 24.779007178603873, "env_buffer_length": 49990, "new_distance": 0.0, "prev_distance": 1.0, "alm_loss": 107.54521942138672, "model_grad_norm": 63028.00390625, "reward_loss": 2.9606199264526367, "min_true_reward": -1.0, "max_true_reward": 100.0, "mean_true_reward": 1.9091796875, "classifier_loss": 0.5777696371078491, "reward_grad_norm": 1291.687255859375, "mean_q_target": 1.7665760517120361, "variance_q_target": 3454.9931640625, "min_q_target": -100.23674011230469, "max_q_target": 100.0, "critic_loss": 31.942188262939453, "critic_grad_norm": 539.240234375, "min_imag_reward": -1.2914612293243408, "max_imag_reward": 115.93614196777344, "mean_imag_reward": 17.36520767211914, "min_imag_kl_reward": -5.888844966888428, "max_imag_kl_reward": 1.4980816841125488, "mean_imag_kl_reward": -1.4588704109191895, "actor_loss": -84.7843017578125, "lambda_cost": 0.1, "min_imag_value": -100.00079345703125, "max_imag_value": 77.28079223632812, "mean_imag_value": 12.644926071166992, "action_std": 0.1, "actor_grad_norm": 94.90901947021484, "seq_len": 5, "mse_loss": 0.026162609457969666, "_wandb": {"runtime": 1699}}