{"eval_episodic_return": -1.0, "eval_episodic_length": 20.0, "_timestamp": 1745446556, "_runtime": 623, "_step": 18460, "episodic_length": 20, "episodic_return": -1.0, "steps_per_second": 30.785012294029137, "env_buffer_length": 23460, "alm_loss": 22.010662078857422, "model_grad_norm": 1156.3646240234375, "reward_loss": 1.439723746443633e-06, "min_true_reward": -1.0, "max_true_reward": -1.0, "mean_true_reward": -1.0, "classifier_loss": 0.6728478670120239, "reward_grad_norm": 1.9610328674316406, "mean_q_target": -9.669713973999023, "variance_q_target": 12.19941234588623, "min_q_target": -14.5214262008667, "max_q_target": -1.0, "critic_loss": 3.368638515472412, "critic_grad_norm": 4.884518146514893, "min_imag_reward": -1.0039759874343872, "max_imag_reward": -0.9951047897338867, "mean_imag_reward": -1.000018835067749, "min_imag_kl_reward": -3.160372257232666, "max_imag_kl_reward": 1.8881895542144775, "mean_imag_kl_reward": -0.0575321763753891, "actor_loss": 9.580419540405273, "lambda_cost": 0.1, "min_imag_value": -13.700791358947754, "max_imag_value": -2.9588863849639893, "mean_imag_value": -8.726696968078613, "action_std": 0.8380000000000001, "actor_grad_norm": 5.3454762394267163e-08, "seq_len": 3, "mse_loss": 0.02073493041098118, "_wandb": {"runtime": 625}}