{"eval_episodic_return": -1.0, "eval_episodic_length": 48.0, "_timestamp": 1745538652, "_runtime": 492, "_step": 13000, "episodic_length": 48, "episodic_return": 4.0, "steps_per_second": 25.315931652240504, "env_buffer_length": 21181, "new_distance": 1.4142135623730951, "prev_distance": 1.4142135623730951, "alm_loss": 87.50440979003906, "model_grad_norm": 3823.4267578125, "reward_loss": 39.50146484375, "min_true_reward": -1.0, "max_true_reward": 100.0, "mean_true_reward": 1.1640625, "classifier_loss": 0.6168960928916931, "reward_grad_norm": 557.0264892578125, "mean_q_target": -31.470685958862305, "variance_q_target": 1634.1943359375, "min_q_target": -75.57182312011719, "max_q_target": 100.0, "critic_loss": 64.75623321533203, "critic_grad_norm": 699.8153076171875, "min_imag_reward": -3.0501749515533447, "max_imag_reward": 22.95096206665039, "mean_imag_reward": 2.193241834640503, "min_imag_kl_reward": -0.98155277967453, "max_imag_kl_reward": 1.200294852256775, "mean_imag_kl_reward": -0.002763580996543169, "actor_loss": 4.520542621612549, "lambda_cost": 0.1, "min_imag_value": -76.2911605834961, "max_imag_value": 48.14179992675781, "mean_imag_value": -21.310428619384766, "action_std": 0.8171875, "actor_grad_norm": 4.489813804626465, "seq_len": 4, "mse_loss": 0.02351187728345394, "_wandb": {"runtime": 493}}