{"eval_episodic_return": -1.0, "eval_episodic_length": 35.0, "_timestamp": 1745580794, "_runtime": 10665, "_step": 254376, "episodic_length": 35, "episodic_return": 1.0, "steps_per_second": 23.437043394741952, "env_buffer_length": 100000, "new_distance": 2.23606797749979, "prev_distance": 1.4142135623730951, "alm_loss": 5.148221969604492, "model_grad_norm": 22065.353515625, "reward_loss": 0.012406375259160995, "min_true_reward": -1.0, "max_true_reward": 100.0, "mean_true_reward": 1.7041015625, "classifier_loss": 0.6529430747032166, "reward_grad_norm": 6.520711898803711, "mean_q_target": 10.424156188964844, "variance_q_target": 1793.2000732421875, "min_q_target": -43.6099739074707, "max_q_target": 100.0, "critic_loss": 67.16082000732422, "critic_grad_norm": 528.1961669921875, "min_imag_reward": -1.07900071144104, "max_imag_reward": 100.60566711425781, "mean_imag_reward": 25.566455841064453, "min_imag_kl_reward": -3.9621338844299316, "max_imag_kl_reward": 4.624549388885498, "mean_imag_kl_reward": -0.86769038438797, "actor_loss": -102.5349349975586, "lambda_cost": 0.1, "min_imag_value": -42.90370559692383, "max_imag_value": 102.99845886230469, "mean_imag_value": 20.613868713378906, "action_std": 0.1, "actor_grad_norm": 811.4122924804688, "seq_len": 5, "mse_loss": 0.021358337253332138, "_wandb": {"runtime": 10666}}