{"eval_episodic_return": -1.0, "eval_episodic_length": 2.0, "_timestamp": 1745498295, "_runtime": 143, "_step": 5722, "episodic_length": 2, "episodic_return": -1.0, "steps_per_second": 41.266273120818575, "env_buffer_length": 6722, "alm_loss": 4.2894487380981445, "model_grad_norm": 0.4569694697856903, "reward_loss": 0.0003304951242171228, "min_true_reward": -1.0, "max_true_reward": -1.0, "mean_true_reward": -1.0, "classifier_loss": 0.7019242644309998, "reward_grad_norm": 0.567267119884491, "mean_q_target": -2.2758898735046387, "variance_q_target": 1.3554266691207886, "min_q_target": -3.3891408443450928, "max_q_target": -1.0, "critic_loss": 1.293271541595459, "critic_grad_norm": 1.095651626586914, "min_imag_reward": -0.8793013095855713, "max_imag_reward": -0.6912001967430115, "mean_imag_reward": -0.8085410594940186, "min_imag_kl_reward": -0.09196740388870239, "max_imag_kl_reward": 0.19653937220573425, "mean_imag_kl_reward": 0.05067656189203262, "actor_loss": 3.3991751670837402, "lambda_cost": 0.1, "min_imag_value": -2.504828453063965, "max_imag_value": -1.9568127393722534, "mean_imag_value": -2.294128894805908, "action_std": 0.1, "actor_grad_norm": 0.00020206258341204375, "seq_len": 2, "mse_loss": 12.172048568725586, "_wandb": {"runtime": 143}}