{"eval_episodic_return": -1.0, "eval_episodic_length": 9.0, "_timestamp": 1745496325, "_runtime": 20, "_step": 504, "episodic_length": 9, "episodic_return": -1.0, "steps_per_second": 26.889839147075605, "env_buffer_length": 1504, "alm_loss": 4.183635711669922, "model_grad_norm": 1.8704092502593994, "reward_loss": 0.5438497066497803, "min_true_reward": -1.0, "max_true_reward": -1.0, "mean_true_reward": -1.0, "classifier_loss": 0.7369230389595032, "reward_grad_norm": 2.5871498584747314, "mean_q_target": -1.370492935180664, "variance_q_target": 0.1319579929113388, "min_q_target": -2.0783300399780273, "max_q_target": -0.8292227387428284, "critic_loss": 0.36673229932785034, "critic_grad_norm": 1.689221978187561, "min_imag_reward": -1.234915852546692, "max_imag_reward": 0.7428998351097107, "mean_imag_reward": 0.09397491067647934, "min_imag_kl_reward": -1.259831428527832, "max_imag_kl_reward": 1.2607793807983398, "mean_imag_kl_reward": 0.05630476400256157, "actor_loss": 0.38899776339530945, "lambda_cost": 0.1, "min_imag_value": -1.3940870761871338, "max_imag_value": -0.2780691385269165, "mean_imag_value": -0.7508403658866882, "action_std": 0.55, "actor_grad_norm": 4.422786235809326, "seq_len": 5, "mse_loss": 0.6591961979866028, "_wandb": {"runtime": 22}}