{"eval_episodic_return": 504.19450868702313, "eval_episodic_length": 97.6, "_timestamp": 1750157217, "_runtime": 634, "_step": 62101, "episodic_length": 100, "episodic_return": 606.5306597126335, "steps_per_second": 100.8619779586621, "env_buffer_length": 82101, "new_distance": 3.0, "prev_distance": 3.0, "alm_loss": -5859.1953125, "model_grad_norm": 29.850643157958984, "reward_loss": 70294.03125, "min_true_reward": 0.12340980768203735, "max_true_reward": 1000.0, "mean_true_reward": 188.8514404296875, "classifier_loss": 1.3926528481533751e-05, "reward_grad_norm": 44320.234375, "mean_q_target": 4794.72412109375, "variance_q_target": 355215.53125, "min_q_target": 52.631290435791016, "max_q_target": 5635.056640625, "critic_loss": 355173.4375, "critic_grad_norm": 11371.341796875, "min_imag_reward": 211.63941955566406, "max_imag_reward": 527.5718994140625, "mean_imag_reward": 455.1863098144531, "min_imag_kl_reward": -17.51549530029297, "max_imag_kl_reward": 18.18456268310547, "mean_imag_kl_reward": -2.350905418395996, "actor_loss": -5551.4921875, "lambda_cost": 0.1, "min_imag_value": 3925.93115234375, "max_imag_value": 4763.16455078125, "mean_imag_value": 4729.6865234375, "action_std": 0.44200000000000006, "actor_grad_norm": 1.7932686805725098, "seq_len": 3, "mse_loss": 3.7736997604370117}