{"eval_episodic_return": -1.0, "eval_episodic_length": 48.0, "_timestamp": 1745539777, "_runtime": 785, "_step": 14561, "episodic_length": 48, "episodic_return": -1, "steps_per_second": 18.01865960311559, "env_buffer_length": 22753, "new_distance": 7.0710678118654755, "prev_distance": 7.0710678118654755, "alm_loss": 112.61766052246094, "model_grad_norm": 4847.11572265625, "reward_loss": 0.11460502445697784, "min_true_reward": -1.0, "max_true_reward": -1.0, "mean_true_reward": -1.0, "classifier_loss": 0.6218652725219727, "reward_grad_norm": 7.553304672241211, "mean_q_target": -17.542478561401367, "variance_q_target": 74.7268295288086, "min_q_target": -26.49661636352539, "max_q_target": 27.195890426635742, "critic_loss": 8.484392166137695, "critic_grad_norm": 19.361480712890625, "min_imag_reward": -3.5456786155700684, "max_imag_reward": 4.5225510597229, "mean_imag_reward": -1.043952226638794, "min_imag_kl_reward": -1.6566975116729736, "max_imag_kl_reward": 1.091997742652893, "mean_imag_kl_reward": -0.11624996364116669, "actor_loss": 18.907711029052734, "lambda_cost": 0.1, "min_imag_value": -26.12885284423828, "max_imag_value": 26.811763763427734, "mean_imag_value": -16.712234497070312, "action_std": 0.79609375, "actor_grad_norm": 1.682919787526771e-06, "seq_len": 8, "mse_loss": 0.022417530417442322, "_wandb": {"runtime": 787}}