{"eval_episodic_return": 0.9999999999999998, "eval_episodic_length": 80.0, "_timestamp": 1744698914, "_runtime": 3127, "_step": 95241, "episodic_length": 80, "episodic_return": 0.9999999999999998, "steps_per_second": 29.094248753057744, "env_buffer_length": 100241, "alm_loss": -73.50646209716797, "model_grad_norm": 2102.55615234375, "reward_loss": 0.0009498854051344097, "min_true_reward": 0.0, "max_true_reward": 8.0, "mean_true_reward": 1.603515625, "classifier_loss": 0.689731240272522, "reward_grad_norm": 0.6049774289131165, "mean_q_target": 73.28764343261719, "variance_q_target": 1493.4693603515625, "min_q_target": 1.0, "max_q_target": 178.45367431640625, "critic_loss": 67.08926391601562, "critic_grad_norm": 102.87897491455078, "min_imag_reward": -0.03134401515126228, "max_imag_reward": 8.007011413574219, "mean_imag_reward": 1.723319411277771, "min_imag_kl_reward": -0.97893226146698, "max_imag_kl_reward": 0.43602561950683594, "mean_imag_kl_reward": 0.04397788643836975, "actor_loss": -75.30998229980469, "lambda_cost": 0.1, "min_imag_value": 41.5144157409668, "max_imag_value": 176.24827575683594, "mean_imag_value": 73.95382690429688, "action_std": 0.14500000000000005, "actor_grad_norm": 0.0, "seq_len": 3, "mse_loss": 0.020068587735295296, "_wandb": {"runtime": 3130}}