{"eval_episodic_return": -1.0, "eval_episodic_length": 16.0, "_timestamp": 1745513298, "_runtime": 989, "_step": 17481, "episodic_length": 16, "episodic_return": -1.0, "steps_per_second": 17.1196125305134, "env_buffer_length": 18505, "alm_loss": 126.7206039428711, "model_grad_norm": 12315.560546875, "reward_loss": 0.1481783092021942, "min_true_reward": -1.0, "max_true_reward": 5.0, "mean_true_reward": -0.7333984375, "classifier_loss": 0.5572299957275391, "reward_grad_norm": 10.711040496826172, "mean_q_target": 0.4087103009223938, "variance_q_target": 13.228262901306152, "min_q_target": -5.388200759887695, "max_q_target": 13.663366317749023, "critic_loss": 1.2129509449005127, "critic_grad_norm": 13.920513153076172, "min_imag_reward": -1.52260160446167, "max_imag_reward": 8.503432273864746, "mean_imag_reward": 2.750624656677246, "min_imag_kl_reward": -8.245068550109863, "max_imag_kl_reward": 4.131804943084717, "mean_imag_kl_reward": -3.007974147796631, "actor_loss": -14.894035339355469, "lambda_cost": 0.1, "min_imag_value": -3.85090708732605, "max_imag_value": 10.858036041259766, "mean_imag_value": 3.337838649749756, "action_std": 0.1, "actor_grad_norm": 71.1855239868164, "seq_len": 8, "mse_loss": 0.029086574912071228, "_wandb": {"runtime": 990}}