{"eval_episodic_return": -0.2, "eval_episodic_length": 16.0, "_timestamp": 1745531627, "_runtime": 491, "_step": 12705, "episodic_length": 16, "episodic_return": 0.3679070058735441, "steps_per_second": 26.065521074549974, "env_buffer_length": 14753, "alm_loss": 12.498653411865234, "model_grad_norm": 623.7109375, "reward_loss": 0.03998337686061859, "min_true_reward": -1.932202696800232, "max_true_reward": 1.976610541343689, "mean_true_reward": 0.15973955392837524, "classifier_loss": 0.6763890385627747, "reward_grad_norm": 1.2877687215805054, "mean_q_target": 3.88960337638855, "variance_q_target": 3.511833906173706, "min_q_target": -1.932202696800232, "max_q_target": 6.857846736907959, "critic_loss": 0.6792641878128052, "critic_grad_norm": 1.754112958908081, "min_imag_reward": -0.20729723572731018, "max_imag_reward": 2.3013548851013184, "mean_imag_reward": 0.9354137182235718, "min_imag_kl_reward": -3.436004638671875, "max_imag_kl_reward": 2.9089882373809814, "mean_imag_kl_reward": -0.06840964406728745, "actor_loss": -6.966876029968262, "lambda_cost": 0.1, "min_imag_value": -0.02333664894104004, "max_imag_value": 5.644730567932129, "mean_imag_value": 4.360877990722656, "action_std": 0.1, "actor_grad_norm": 0.3367808163166046, "seq_len": 4, "mse_loss": 0.021530313417315483, "_wandb": {"runtime": 492}}