{"eval_episodic_return": -1.0, "eval_episodic_length": 16.0, "_timestamp": 1745531119, "_runtime": 3849, "_step": 101617, "episodic_length": 16, "episodic_return": -1.0, "steps_per_second": 25.834760216952525, "env_buffer_length": 100000, "alm_loss": 20.365074157714844, "model_grad_norm": 8039.453125, "reward_loss": 0.11329428851604462, "min_true_reward": -1.0, "max_true_reward": 5.0, "mean_true_reward": -0.83203125, "classifier_loss": 0.6936119198799133, "reward_grad_norm": 9.708513259887695, "mean_q_target": -5.936771869659424, "variance_q_target": 119.72445678710938, "min_q_target": -34.240089416503906, "max_q_target": 89.12581634521484, "critic_loss": 5.890784740447998, "critic_grad_norm": 223.41781616210938, "min_imag_reward": -1.8122467994689941, "max_imag_reward": 67.08281707763672, "mean_imag_reward": 1.8154398202896118, "min_imag_kl_reward": -1.477325677871704, "max_imag_kl_reward": 0.88863605260849, "mean_imag_kl_reward": 0.07667072117328644, "actor_loss": -1.3216909170150757, "lambda_cost": 0.1, "min_imag_value": -36.01765060424805, "max_imag_value": 89.57037353515625, "mean_imag_value": -4.54622745513916, "action_std": 0.1, "actor_grad_norm": 99.67945861816406, "seq_len": 4, "mse_loss": 0.02081829495728016, "_wandb": {"runtime": 3851}}