{"eval_episodic_return": -0.5, "eval_episodic_length": 16.0, "_timestamp": 1745534714, "_runtime": 230, "_step": 5500, "episodic_length": 16, "episodic_return": 0.3679070058735441, "steps_per_second": 26.0481598299602, "env_buffer_length": 13689, "new_distance": 8.06225774829855, "prev_distance": 8.246211251235321, "alm_loss": 30.46340560913086, "model_grad_norm": 100.73442077636719, "reward_loss": 0.020426947623491287, "min_true_reward": -0.5, "max_true_reward": 1.9111090898513794, "mean_true_reward": 0.46125438809394836, "classifier_loss": 0.6227009892463684, "reward_grad_norm": 0.5099743604660034, "mean_q_target": 4.1542863845825195, "variance_q_target": 7.514987945556641, "min_q_target": -2.106595993041992, "max_q_target": 8.656020164489746, "critic_loss": 1.195207953453064, "critic_grad_norm": 1.287250280380249, "min_imag_reward": -0.20793980360031128, "max_imag_reward": 1.593031406402588, "mean_imag_reward": 1.1873821020126343, "min_imag_kl_reward": -2.1208102703094482, "max_imag_kl_reward": 0.7344828844070435, "mean_imag_kl_reward": -0.49867355823516846, "actor_loss": -7.685173034667969, "lambda_cost": 0.1, "min_imag_value": -1.577559471130371, "max_imag_value": 8.131704330444336, "mean_imag_value": 4.691995143890381, "action_std": 7.32109375, "actor_grad_norm": 0.0015290117589756846, "seq_len": 4, "mse_loss": 0.02465471625328064, "_wandb": {"runtime": 232}}