{"eval_episodic_return": 0.96, "eval_episodic_length": 16.0, "_timestamp": 1745532577, "_runtime": 174, "_step": 4384, "episodic_length": 16, "episodic_return": -0.2, "steps_per_second": 26.601640918146742, "env_buffer_length": 6432, "new_distance": 11.313708498984761, "prev_distance": 11.313708498984761, "alm_loss": 59.272926330566406, "model_grad_norm": 735.44287109375, "reward_loss": 0.12275438010692596, "min_true_reward": -1.0, "max_true_reward": 2.0, "mean_true_reward": 0.443359375, "classifier_loss": 0.6638451218605042, "reward_grad_norm": 1.776135802268982, "mean_q_target": 4.614797592163086, "variance_q_target": 14.640440940856934, "min_q_target": -5.225164890289307, "max_q_target": 12.50003433227539, "critic_loss": 2.209986925125122, "critic_grad_norm": 1.3406660556793213, "min_imag_reward": -0.1034555435180664, "max_imag_reward": 2.489882707595825, "mean_imag_reward": 1.516984224319458, "min_imag_kl_reward": -1.1385239362716675, "max_imag_kl_reward": 1.367408275604248, "mean_imag_kl_reward": -0.13429632782936096, "actor_loss": -8.710968017578125, "lambda_cost": 0.1, "min_imag_value": -3.863605499267578, "max_imag_value": 10.094733238220215, "mean_imag_value": 5.300844669342041, "action_std": 0.1, "actor_grad_norm": 0.7085654735565186, "seq_len": 4, "mse_loss": 0.03322317451238632, "_wandb": {"runtime": 175}}