{"eval_episodic_return": -0.2, "eval_episodic_length": 25.0, "_timestamp": 1745580961, "_runtime": 73, "_step": 1625, "episodic_length": 25, "episodic_return": -0.2, "steps_per_second": 27.362567537064653, "env_buffer_length": 21625, "new_distance": 9.486832980505138, "prev_distance": 9.848857801796104, "alm_loss": 44.13652801513672, "model_grad_norm": 683.4083862304688, "reward_loss": 0.0010153618641197681, "min_true_reward": -0.20000000298023224, "max_true_reward": -0.20000000298023224, "mean_true_reward": -0.20000000298023224, "classifier_loss": 0.683443009853363, "reward_grad_norm": 0.06660865247249603, "mean_q_target": -1.5432209968566895, "variance_q_target": 0.07998234778642654, "min_q_target": -1.7758691310882568, "max_q_target": -0.20000000298023224, "critic_loss": 0.07790759205818176, "critic_grad_norm": 0.04611800238490105, "min_imag_reward": -0.35735324025154114, "max_imag_reward": 0.13392086327075958, "mean_imag_reward": -0.14893119037151337, "min_imag_kl_reward": -0.9274052381515503, "max_imag_kl_reward": 0.9908326864242554, "mean_imag_kl_reward": 0.04434315860271454, "actor_loss": 1.8571943044662476, "lambda_cost": 0.1, "min_imag_value": -1.766892671585083, "max_imag_value": -1.1383064985275269, "mean_imag_value": -1.5409501791000366, "action_std": 0.9325, "actor_grad_norm": 0.01783091016113758, "seq_len": 5, "mse_loss": 0.13456016778945923, "_wandb": {"runtime": 74}}