{"eval_episodic_return": -1.0, "eval_episodic_length": 8.0, "_timestamp": 1745498044, "_runtime": 851, "_step": 18128, "episodic_length": 8, "episodic_return": -1.0, "steps_per_second": 20.60507167836999, "env_buffer_length": 19128, "alm_loss": 19.820907592773438, "model_grad_norm": 1947.2491455078125, "reward_loss": 1.0078811645507812, "min_true_reward": -1.0, "max_true_reward": 2.5, "mean_true_reward": -0.5625, "classifier_loss": 0.6945636868476868, "reward_grad_norm": 3.492375135421753, "mean_q_target": -7.029545783996582, "variance_q_target": 6.939869403839111, "min_q_target": -8.452458381652832, "max_q_target": -1.0, "critic_loss": 5.818328857421875, "critic_grad_norm": 2.1693809032440186, "min_imag_reward": -0.6487074494361877, "max_imag_reward": -0.17999069392681122, "mean_imag_reward": -0.4263853430747986, "min_imag_kl_reward": 0.01547706127166748, "max_imag_kl_reward": 0.04006662964820862, "mean_imag_kl_reward": 0.02763880044221878, "actor_loss": 8.663362503051758, "lambda_cost": 0.1, "min_imag_value": -7.6198344230651855, "max_imag_value": -7.468623638153076, "mean_imag_value": -7.550103187561035, "action_std": 0.1, "actor_grad_norm": 0.0, "seq_len": 8, "mse_loss": 0.021066024899482727, "_wandb": {"runtime": 853}}