{"eval_episodic_return": 0.6495893003133711, "eval_episodic_length": 16.0, "_timestamp": 1745535615, "_runtime": 82, "_step": 2064, "episodic_length": 16, "episodic_return": 1.05999788000636, "steps_per_second": 26.757397483063528, "env_buffer_length": 10256, "new_distance": 9.433981132056603, "prev_distance": 10.0, "alm_loss": 19.026626586914062, "model_grad_norm": 37.16294479370117, "reward_loss": 0.027989856898784637, "min_true_reward": -0.0, "max_true_reward": 1.2366938591003418, "mean_true_reward": 0.5650744438171387, "classifier_loss": 0.6924439668655396, "reward_grad_norm": 0.09839167445898056, "mean_q_target": 4.7586188316345215, "variance_q_target": 1.5377742052078247, "min_q_target": 0.0, "max_q_target": 6.028241157531738, "critic_loss": 1.2234866619110107, "critic_grad_norm": 0.3363691568374634, "min_imag_reward": 0.6992286443710327, "max_imag_reward": 1.4672547578811646, "mean_imag_reward": 1.1517510414123535, "min_imag_kl_reward": -0.44669538736343384, "max_imag_kl_reward": 0.5314944982528687, "mean_imag_kl_reward": 0.039210543036460876, "actor_loss": -7.607826232910156, "lambda_cost": 0.1, "min_imag_value": 3.9961061477661133, "max_imag_value": 5.952564239501953, "mean_imag_value": 5.07149600982666, "action_std": 7.753125, "actor_grad_norm": 0.06269339472055435, "seq_len": 4, "mse_loss": 0.05117657408118248, "_wandb": {"runtime": 84}}