{"eval_episodic_return": 0.0, "eval_episodic_length": 100.0, "_timestamp": 1745485754, "_runtime": 69, "_step": 1700, "episodic_length": 100, "episodic_return": 0.0, "steps_per_second": 25.02682999159269, "env_buffer_length": 2700, "alm_loss": 4.048608303070068, "model_grad_norm": 3.897738218307495, "reward_loss": 0.0009712311439216137, "min_true_reward": 0.0, "max_true_reward": 0.0, "mean_true_reward": 0.0, "classifier_loss": 0.6973006129264832, "reward_grad_norm": 0.08236103504896164, "mean_q_target": -1.8658472299575806, "variance_q_target": 0.04566292092204094, "min_q_target": -2.1857857704162598, "max_q_target": 0.0, "critic_loss": 0.07377966493368149, "critic_grad_norm": 0.08146477490663528, "min_imag_reward": -0.2939671277999878, "max_imag_reward": 0.6631622314453125, "mean_imag_reward": 0.3936988413333893, "min_imag_kl_reward": -0.32944852113723755, "max_imag_kl_reward": 0.8791911602020264, "mean_imag_kl_reward": 0.2202257215976715, "actor_loss": 0.9318106770515442, "lambda_cost": 0.1, "min_imag_value": -2.469733715057373, "max_imag_value": -1.0545331239700317, "mean_imag_value": -2.174705982208252, "action_std": 0.1, "actor_grad_norm": 0.3041735291481018, "seq_len": 5, "mse_loss": 0.8303737640380859, "_wandb": {"runtime": 71}}